Principio activo,Concentración,Presentación ,Almacenamiento,Cantidad
cloroquina fosfato,250 mg,tabletas ,sin restricciones,25
valsartan,320 mg ,tabletas recubiertas x7,fotosensible,3
valsartan ,160 mg ,tabletas recubiertas x 7,fotosensible,20
"valsartan,",80 mg,tabletas recubiertas x 7,fotosensible,2
verapamilo clorhidrato,120 mg ,tabletas recubiertas x 10,sin restricciones,22
verapamilo clorhidrato,80 mg,tabletas recubiertas x 10,sin restricciones,36
biperidino ,2 mg,tabletas x 15,sin restricciones,10
gabapentina ,400 mg,capsula x 10 ,sin restricciones,10
fexofenadina clorhidrato,120 mg ,tabletas recubiertas x 10,fotosensible,1
metropol succinato,50 mg,tabletas de liberacion prolongada x 10,sin restricciones,2
ondansetron,8 mg,tabletas de desintegracion oral x 10,fotosensible,13
metropolol,50 mg,tabletas x 30,sin restricciones,18
furosemida,40 mg,tabletas x 30,sin restricciones,20
acido fenofíbrico-rosuvastatina,135/5 mg,capsulas x 10,fotosensible,1
hidrosmina,200 mg,capsulas x 10,fotosensible,3
ezetimiba+simvastatina,10/40 mg,tabletas,fotosensible,2
atorvastatina,40 mg,tabletas x 10,sin restricciones,27
atorvastatina,10 mg,tabletas recubiertas x 10,sin restricciones,16
priridoxina clorhidrato,50 mg,tabletas x 10,sin restricciones,11
prazosina,1 mg,tabletas x 10,fotosensible,178
pregabalina,25 mg,capsulas x 10,sin restricciones,20
lanzoprasol,30 mg,capsulas x 7,fotosensible,5
dexlansoprasol,60 mg,capsulas x 6,fotosensible,3
lovastatina,20 mg ,tabletas x 10,sin restricciones,28
enalapril,20 mg ,tabletas x 10,fotosensible,20
vildagliptina/clorhidrato de metformina,50/1000 mg ,tabletas recubiertas con pelicula x 7,fotosensible,19
azitromicina ,500 mg,tabletas x 3,sin restricciones,1
hidroclotiazida,25 mg,tabletas x 30,sin restricciones,11
lanzoprasol,15 mg,capsula x 10 ,sin restricciones,3
bisoprolol ,"2,5 mg",tabletas recubiertas x 15,sin restricciones,2
amlodipino ,5 mg,tabletas x 30,sin restricciones,13
acetilsisteina ,200 mg,granulado para solucion oral x 3g,sin restricciones,3
rosuvastatina,20 mg ,tabletas recubiertas x 10,fotosensible,17
rosuvastatina,10 mg ,tabletas recubiertas x 7,sin restricciones,9
celecoxib,200 mg,capsulas x 10,sin restricciones,2
calcio ,600 mg,tabletas masticables x 10,,16
duloxetina,30 mg,tabletas recubiertas x 10,sin restricciones,16
loperamida,2 mg,tabletas x 6,sin restricciones,6
sucralfato,1 g,tabletas recubiertas x 10,,10
trimebutina+ simeticona ,200/120 mg,tabletas x 7,sin restricciones,37
dutasterida,0.5 mg,capsulas blandas x 10 ,,1
ácido fólico,1 mg,tabletas x 10,,9
nimodipino,30 mg,tabletas x 10,fotosensible,54
levosulprida+pancreatina+simeticona ,25/150/80 mg,tabletas x 10,sin restricciones,7
imipramina ,25 mg ,tabletas x 10,,6
ginko biloba ,80 mg,capsulas x 10,sin restricciones,9
nifedipino,30 mg,capsulas con microgranulados de liberación prolongada x 15,,164
microfenilato mofetilo,500 mg,tabletas recubiertas x 10,fotosensible,30
mirabegron,25 mg ,tabletas de liberacion prolongada x 10,fotosensible,3
minoxidil,10 mg ,tabletas x 10,sin restricciones,11
metformina,500 mg,tabletas x 10,sin restricciones,7
colchicina,0.5 mg,tabletas x 10,sin restricciones,64
amlodipino ,10 mg,tabletas x 30,sin restricciones,9
metfomina,850 mg,tabletas x 15,sin restricciones,54
metfomina,1000 mg,tabletas x 10,sin restricciones,20
Clonidina,0.150 mg,tabletas x 10,sin restricciones,32
Metoprolol,50 mg,tabletas x 30,sin restricciones,7
Aciclovir,200 mg,tabletas x 8,sin restricciones,18
Carbonato de calcio,1500 mg,tabletas x 10,sin restricciones,3
rosuvastatina,40 mg ,tabletas recubiertas x 10,fotosensible,29
Genfibrozilo,600 mg,tabletas recubiertas x 15,sin restricciones,2
Desvenlafaxina,50 mg,tabletas de liberacion prolongada x 14,sin restricciones,7
pregabalina,75 mg,tabletas x 10,sin restricciones,17
acido fenofíbrico-rosuvastatina,135/10 mg,capsulas blanda x 10,sin restricciones,3
Losartan potásico,50 mg,tabletas recubiertas x 30,sin restricciones,12
atorvastatina,20 mg,tabletas recubiertas x 10,sin restricciones,15
gabapentina ,300 mg,capsula x 10 ,sin restricciones,4
Fluoxetina,20 mg,tabletas recubiertas x 15,fotosensible,3
Tapentadol,100 mg,tabletas de liberación prolongada x 10,fotosensible,2
pregabalina,150 mg,tabletas x 10,sin restricciones,4
acido fenofíbrico-rosuvastatina,135/20 mg,capsulas blanda x 2,sin restricciones,4
Metoclopramida,10 mg,tabletas x 10,sin restricciones,12
Ciclobenzaprina clorhidrato,15 mg,capsulas de liberación prolongada x 10,sin restricciones,2
Carbamazepina,200 mg,tabletas x 10,sin restricciones,2
Hidroxiurea,500 mg,capsulas x 10,fotosensible,3
sulfasalazina,500 mg,tabletas recubierta enterica x 10,sin restricciones,4
Diacereína,50 mg,capsulas x 10,sin restricciones,9
Dinitrato de isosorbide,5 mg,tabletas x 20,sin restricciones,2
colestiramina,4 g,Sobre granulado,sin restricciones,2
Azatioprina,50 mg,tabletas x 10,sin restricciones,3
trimebutina,200 mg,tabletas x 10,sin restricciones,11
Meloxicam,7.5 mg,tabletas x 10,sin restricciones,2
Mosapride,5 mg,tabletas x 10,sin restricciones,5
Valdoxan,25 mg,tabletas x 14,sin restricciones,1
Clorhidrato de paroxetina,12.5 mg,tabletas x 10,fotosensible,4
Clorhidrato de paroxetina,25 mg,tabletas liberación prolongada x 10,fotosensible,4
Espironolactona,25 mg,tabletas x 30,sin restricciones,5
Losartan potásico + hidroclorotiazida,50 mg + 12.5 mg,tabletas recubiertas x 15,sin restricciones,6
pregabalina,50 mg,tabletas x 10,sin restricciones,18
trimebutina+ simeticona ,200/75 mg,tabletas x 4,fotosensible,7
Calcio + vitamina D3,600 mg / U,tabletas recubiertas x 10,sin restricciones,16
Leflunomida,20 mg,tabletas x 10,fotosensible,9
Nebivolol,5 mg,tabletas x 14,,3
Glucosamina + condroitina + metilsulfonilmetano,1500 + 1200 + 2400 mg,Polvo sobre,fotosensible,43
imipramina ,10 mg ,tabletas recubierta x 10,,9
Piridoxina,50 mg,tabletas x 10,,4
Letrozol,"2,5 mg",tabletas x 10,,1
Amantadina,100 mg,capsulas x 10 ,,7
Fenofibrato microionizado ,200 mg,capsulas x 10 ,sin restricciones,13
Empaglifosina + metformina,"12,5/1000 mg",tabletas recubiertas x 10,,2
Fracción flavanoide purificada y microinizado ,500 mg,tabletas x 10,,1
Indapamida,"1,5 mg",tabletas de liberación prolongada x 10,,2
Clozapina ,100 mg,tabletas x 10,,1
Captopril ,"2,5 mg",tabletas x 10,,3
Eplerenona,50 mg,tabletas recubiertas x 10,,1
Memantina HCl,10 mg ,tabletas x 10,,1
Belamstina diclorohidrato,16 mg,tabletas x 10,,1
Bromhudrato de darifenacina,15 mg,tabletas de liberación prolongada x 10,,2
Dapaglifozina/Metofmina HCl,5/1000 mg,tabletas de liberación prolongada x 7,,1
Doxazosina,4 mg,tabletas x 10,,1
n-butilbromuro de hioscina,10 mg ,grageas x 10,,6
Duloxetina ,60 mg,tabletas x 7,fotosensible,2
Propanolol,40 mg,tabletas x 10,,1
Esatalopram,10 mg ,tabletas x 10,,3
Esatalopram,20 mg ,tabletas x 10,,3
Bromuro de pinaverio/DImeticona,100/300 mg,capsulas x 10 ,,1
Vemafaxina,"37,5 mg",capsulas x 7,,1
Amoxicilina,500 mg,capsulas x 10 ,,1
ciprofloxacina,500 mg,tabletas recubiertas x 10,sin restricciones,4
desloratadina,5 mg,tabletas recubiertas x 10,,6
alopurinol,100 mg,tabletas x 10,,1
Cilostazol,50 mg,tabletas x 10,,1
amiodarona,200 mg,tabletas x 10,sin restricciones,17
Alverina/simeticona,60/300 mg,capsulas blandas x 10,sin restricciones,6
Vitamina D3,200 UI,capsulas blandas x 10,sin restricciones,3
Oxaprozin,600 mg ,tabletas x 10,fotosensible,5
acetilsisteina,600 mg ,polvo para reconstituir,fotosensible,2
hidroxido de aluminio,234 mg,tabletas masticables x 10,sin restricciones,3
escitalopram,20 mg ,tabletas recubiertas x 10,sin restricciones,3
meclizina,25 mg,tabletas x 10,sin restricciones,2
acido folico,1 mg,tabletas x 10 ,sin restricciones,9
pantoprazol,20 mg ,tabletas con cubierta enterica x 10,fotosensible,2
pantoprazol,40 mg ,tabletas liberación retarda x 10,fotosensible,1
enalapril,5 mg ,tabletas x 10,fotosensible,1
Propanolol,80 mg,tabletas x 10,sin restricciones,2
loratadina,10 mg ,tabletas x 10,sin restricciones,3
metformina,850 mg,tableta recubierta x 15,sin restricciones,11
metformina,1000 mg,tableta recubierta x 10,sin restricciones,3
metformina,1000 mg,tableta liberacion prolongada x 10,sin restricciones,3
lanzetas,50,"caja, dispositivo medico ",,1
tirilla,50,"caja, reactivo de diagnostico ",,1
metropolol,100 mg,tabletas x 10 ,sin restricciones,6
cetirizina,10 mg ,tabletas x 10,sin restricciones,2
lacosamida,100 mg,tabletas x 14,sin restricciones,3
Montelukast,10 mg ,tableta recubierta x 10,fotosensible,1
escitalopram,10 mg ,tabletas recubiertas x 10,fotosensible,1
tizanidina clorhidrato/ibuprofeno,2/400 mg,capsulas x 10 ,sin restricciones,1
glicazida,60 mg,tabletas de liberación modificada x 15,sin restricciones,1
bisoprolol ,5 mg,tabletas recubiertas x 10,sin restricciones,1
donecepilo clorhidrato,10 mg ,tabletas recubiertas x 7,fotosensible,1
sertralina,100 mg,tabletas recubiertas x 10,sin restricciones,1